chart,metric,metric_detail,variable,region,period,week,window,model,model_type,aiwq_entry,board_key,kind,value,err_lo,err_hi,err_halfwidth,note,source_url,verify_url
rpss_aiwq,RPSS,"AIWQ quintile RPSS vs climatology, period-pooled",T2m weekly mean,global land (land frac >= 0.5),DJF 2025/26 (13 Thursday inits 2025-11-13..2026-02-05),3,days 19-25,BB-SUBS,Brightband,not on the leaderboard (self-scored),bbsubs,self_reported,0.112,,,,self-scored by Brightband with the open AIWQ code on held-out forecasts; not a blind leaderboard submission,https://www.brightband.com/data/subs ; https://www.brightband.com/company/news/introducing-brightband-subs/,https://github.com/ecmwf/AI_weather_quest
rpss_aiwq,RPSS,"AIWQ quintile RPSS vs climatology, period-pooled",T2m weekly mean,global land (land frac >= 0.5),DJF 2025/26 (13 Thursday inits 2025-11-13..2026-02-05),4,days 26-32,BB-SUBS,Brightband,not on the leaderboard (self-scored),bbsubs,self_reported,0.072,,,,self-scored by Brightband with the open AIWQ code on held-out forecasts; not a blind leaderboard submission,https://www.brightband.com/data/subs ; https://www.brightband.com/company/news/introducing-brightband-subs/,https://github.com/ecmwf/AI_weather_quest
rpss_aiwq,RPSS,"AIWQ quintile RPSS vs climatology, period-pooled",T2m weekly mean,global land (land frac >= 0.5),DJF 2025/26 (13 Thursday inits 2025-11-13..2026-02-05),3,days 19-25,LP,AIWP,LP / LPM,,leaderboard_verified,0.089,,,,"Brightband chart value; equals the official AIWQ leaderboard (period, final week)",https://www.brightband.com/data/subs ; https://www.brightband.com/company/news/introducing-brightband-subs/,https://aiweatherquest.ecmwf.int/wp-content/themes/picostrap5-child-base/js/results_page/response.json
rpss_aiwq,RPSS,"AIWQ quintile RPSS vs climatology, period-pooled",T2m weekly mean,global land (land frac >= 0.5),DJF 2025/26 (13 Thursday inits 2025-11-13..2026-02-05),4,days 26-32,LP,AIWP,LP / LPM,,leaderboard_verified,0.057,,,,"Brightband chart value; equals the official AIWQ leaderboard (period, final week)",https://www.brightband.com/data/subs ; https://www.brightband.com/company/news/introducing-brightband-subs/,https://aiweatherquest.ecmwf.int/wp-content/themes/picostrap5-child-base/js/results_page/response.json
rpss_aiwq,RPSS,"AIWQ quintile RPSS vs climatology, period-pooled",T2m weekly mean,global land (land frac >= 0.5),DJF 2025/26 (13 Thursday inits 2025-11-13..2026-02-05),3,days 19-25,MicroEnsemble,AIWP,MicroEnsemble / MicroDuet,,leaderboard_verified,0.086,,,,"Brightband chart value; equals the official AIWQ leaderboard (period, final week)",https://www.brightband.com/data/subs ; https://www.brightband.com/company/news/introducing-brightband-subs/,https://aiweatherquest.ecmwf.int/wp-content/themes/picostrap5-child-base/js/results_page/response.json
rpss_aiwq,RPSS,"AIWQ quintile RPSS vs climatology, period-pooled",T2m weekly mean,global land (land frac >= 0.5),DJF 2025/26 (13 Thursday inits 2025-11-13..2026-02-05),4,days 26-32,MicroEnsemble,AIWP,MicroEnsemble / MicroDuet,,leaderboard_verified,0.055,,,,"Brightband chart value; equals the official AIWQ leaderboard (period, final week)",https://www.brightband.com/data/subs ; https://www.brightband.com/company/news/introducing-brightband-subs/,https://aiweatherquest.ecmwf.int/wp-content/themes/picostrap5-child-base/js/results_page/response.json
rpss_aiwq,RPSS,"AIWQ quintile RPSS vs climatology, period-pooled",T2m weekly mean,global land (land frac >= 0.5),DJF 2025/26 (13 Thursday inits 2025-11-13..2026-02-05),3,days 19-25,S2S Multi-Model Mean,NWP,Dynamical_S2SDatabase / multimodel_mean,,leaderboard_verified,0.086,,,,"Brightband chart value; equals the official AIWQ leaderboard (period, final week)",https://www.brightband.com/data/subs ; https://www.brightband.com/company/news/introducing-brightband-subs/,https://aiweatherquest.ecmwf.int/wp-content/themes/picostrap5-child-base/js/results_page/response.json
rpss_aiwq,RPSS,"AIWQ quintile RPSS vs climatology, period-pooled",T2m weekly mean,global land (land frac >= 0.5),DJF 2025/26 (13 Thursday inits 2025-11-13..2026-02-05),4,days 26-32,S2S Multi-Model Mean,NWP,Dynamical_S2SDatabase / multimodel_mean,,leaderboard_verified,0.049,,,,"Brightband chart value; equals the official AIWQ leaderboard (period, final week)",https://www.brightband.com/data/subs ; https://www.brightband.com/company/news/introducing-brightband-subs/,https://aiweatherquest.ecmwf.int/wp-content/themes/picostrap5-child-base/js/results_page/response.json
rpss_aiwq,RPSS,"AIWQ quintile RPSS vs climatology, period-pooled",T2m weekly mean,global land (land frac >= 0.5),DJF 2025/26 (13 Thursday inits 2025-11-13..2026-02-05),3,days 19-25,CLINT,AIWP,CLINT / CLINTMF,,leaderboard_verified,0.08,,,,"Brightband chart value; equals the official AIWQ leaderboard (period, final week)",https://www.brightband.com/data/subs ; https://www.brightband.com/company/news/introducing-brightband-subs/,https://aiweatherquest.ecmwf.int/wp-content/themes/picostrap5-child-base/js/results_page/response.json
rpss_aiwq,RPSS,"AIWQ quintile RPSS vs climatology, period-pooled",T2m weekly mean,global land (land frac >= 0.5),DJF 2025/26 (13 Thursday inits 2025-11-13..2026-02-05),4,days 26-32,CLINT,AIWP,CLINT / CLINTMF,,leaderboard_verified,0.05,,,,"Brightband chart value; equals the official AIWQ leaderboard (period, final week)",https://www.brightband.com/data/subs ; https://www.brightband.com/company/news/introducing-brightband-subs/,https://aiweatherquest.ecmwf.int/wp-content/themes/picostrap5-child-base/js/results_page/response.json
rpss_aiwq,RPSS,"AIWQ quintile RPSS vs climatology, period-pooled",T2m weekly mean,global land (land frac >= 0.5),DJF 2025/26 (13 Thursday inits 2025-11-13..2026-02-05),3,days 19-25,AIFS,AIWP,AIFS / AIFShera,,leaderboard_verified,0.076,,,,"Brightband chart value; equals the official AIWQ leaderboard (period, final week)",https://www.brightband.com/data/subs ; https://www.brightband.com/company/news/introducing-brightband-subs/,https://aiweatherquest.ecmwf.int/wp-content/themes/picostrap5-child-base/js/results_page/response.json
rpss_aiwq,RPSS,"AIWQ quintile RPSS vs climatology, period-pooled",T2m weekly mean,global land (land frac >= 0.5),DJF 2025/26 (13 Thursday inits 2025-11-13..2026-02-05),4,days 26-32,AIFS,AIWP,AIFS / AIFShera,,leaderboard_verified,0.04,,,,"Brightband chart value; equals the official AIWQ leaderboard (period, final week)",https://www.brightband.com/data/subs ; https://www.brightband.com/company/news/introducing-brightband-subs/,https://aiweatherquest.ecmwf.int/wp-content/themes/picostrap5-child-base/js/results_page/response.json
rpss_aiwq,RPSS,"AIWQ quintile RPSS vs climatology, period-pooled",T2m weekly mean,global land (land frac >= 0.5),DJF 2025/26 (13 Thursday inits 2025-11-13..2026-02-05),3,days 19-25,CMAandFDU,AIWP,CMAandFDU / FengshunHybrid,,leaderboard_verified,0.068,,,,"Brightband chart value; equals the official AIWQ leaderboard (period, final week)",https://www.brightband.com/data/subs ; https://www.brightband.com/company/news/introducing-brightband-subs/,https://aiweatherquest.ecmwf.int/wp-content/themes/picostrap5-child-base/js/results_page/response.json
rpss_aiwq,RPSS,"AIWQ quintile RPSS vs climatology, period-pooled",T2m weekly mean,global land (land frac >= 0.5),DJF 2025/26 (13 Thursday inits 2025-11-13..2026-02-05),4,days 26-32,CMAandFDU,AIWP,CMAandFDU / FengshunHybrid,,leaderboard_verified,0.047,,,,"Brightband chart value; equals the official AIWQ leaderboard (period, final week)",https://www.brightband.com/data/subs ; https://www.brightband.com/company/news/introducing-brightband-subs/,https://aiweatherquest.ecmwf.int/wp-content/themes/picostrap5-child-base/js/results_page/response.json
rpss_aiwq,RPSS,"AIWQ quintile RPSS vs climatology, period-pooled",T2m weekly mean,global land (land frac >= 0.5),DJF 2025/26 (13 Thursday inits 2025-11-13..2026-02-05),3,days 19-25,EC46,NWP,Dynamical_S2SDatabase / ECMWF,ec46,leaderboard_verified,0.062,,,,"Brightband chart value; equals the official AIWQ leaderboard (period, final week); EC46 quintiles from its own reforecasts (implicitly debiased)",https://www.brightband.com/data/subs ; https://www.brightband.com/company/news/introducing-brightband-subs/,https://aiweatherquest.ecmwf.int/wp-content/themes/picostrap5-child-base/js/results_page/response.json
rpss_aiwq,RPSS,"AIWQ quintile RPSS vs climatology, period-pooled",T2m weekly mean,global land (land frac >= 0.5),DJF 2025/26 (13 Thursday inits 2025-11-13..2026-02-05),4,days 26-32,EC46,NWP,Dynamical_S2SDatabase / ECMWF,ec46,leaderboard_verified,0.036,,,,"Brightband chart value; equals the official AIWQ leaderboard (period, final week); EC46 quintiles from its own reforecasts (implicitly debiased)",https://www.brightband.com/data/subs ; https://www.brightband.com/company/news/introducing-brightband-subs/,https://aiweatherquest.ecmwf.int/wp-content/themes/picostrap5-child-base/js/results_page/response.json
rpss_aiwq,RPSS,"AIWQ quintile RPSS vs climatology, period-pooled",T2m weekly mean,global land (land frac >= 0.5),DJF 2025/26 (13 Thursday inits 2025-11-13..2026-02-05),3,days 19-25,UWAtmosNVIDIA,AIWP,UWAtmosNVIDIA / DLESyMS2Sv1,,leaderboard_verified,0.033,,,,"Brightband chart value; equals the official AIWQ leaderboard (period, final week)",https://www.brightband.com/data/subs ; https://www.brightband.com/company/news/introducing-brightband-subs/,https://aiweatherquest.ecmwf.int/wp-content/themes/picostrap5-child-base/js/results_page/response.json
rpss_aiwq,RPSS,"AIWQ quintile RPSS vs climatology, period-pooled",T2m weekly mean,global land (land frac >= 0.5),DJF 2025/26 (13 Thursday inits 2025-11-13..2026-02-05),4,days 26-32,UWAtmosNVIDIA,AIWP,UWAtmosNVIDIA / DLESyMS2Sv1,,leaderboard_verified,0.009,,,,"Brightband chart value; equals the official AIWQ leaderboard (period, final week)",https://www.brightband.com/data/subs ; https://www.brightband.com/company/news/introducing-brightband-subs/,https://aiweatherquest.ecmwf.int/wp-content/themes/picostrap5-child-base/js/results_page/response.json
rpss_aiwq,RPSS,"AIWQ quintile RPSS vs climatology, period-pooled",T2m weekly mean,global land (land frac >= 0.5),DJF 2025/26 (13 Thursday inits 2025-11-13..2026-02-05),3,days 19-25,CliMA,AIWP,CliMA / CliMAWeather2,,leaderboard_verified,0.02,,,,"Brightband chart value; equals the official AIWQ leaderboard (period, final week)",https://www.brightband.com/data/subs ; https://www.brightband.com/company/news/introducing-brightband-subs/,https://aiweatherquest.ecmwf.int/wp-content/themes/picostrap5-child-base/js/results_page/response.json
rpss_aiwq,RPSS,"AIWQ quintile RPSS vs climatology, period-pooled",T2m weekly mean,global land (land frac >= 0.5),DJF 2025/26 (13 Thursday inits 2025-11-13..2026-02-05),4,days 26-32,CliMA,AIWP,CliMA / CliMAWeather2,,leaderboard_verified,0.026,,,,"Brightband chart value; equals the official AIWQ leaderboard (period, final week)",https://www.brightband.com/data/subs ; https://www.brightband.com/company/news/introducing-brightband-subs/,https://aiweatherquest.ecmwf.int/wp-content/themes/picostrap5-child-base/js/results_page/response.json
msess_brightband,MSESS,"mean-squared-error skill score vs climatology (ensemble mean presumed, not stated)",T2m weekly mean,30-60N land,3 held-out winters 2023-2026,3,week 3 (not defined),BB-SUBS v5.3,Brightband,,bbsubs,self_reported,0.29,0.269,0.315,0.023,"bar label 0.29; CSS-decoded bar 0.292 interval [0.269, 0.315], interval type not stated",https://www.brightband.com/company/news/introducing-brightband-subs/,
msess_brightband,MSESS,"mean-squared-error skill score vs climatology (ensemble mean presumed, not stated)",T2m weekly mean,30-60N land,3 held-out winters 2023-2026,3,week 3 (not defined),EC46 (debiased),NWP,,ec46,self_reported,0.19,0.165,0.213,0.024,"bar label 0.19; CSS-decoded bar 0.189 interval [0.165, 0.213], interval type not stated; EC46 debiasing method not stated",https://www.brightband.com/company/news/introducing-brightband-subs/,
msess_brightband,MSESS,"mean-squared-error skill score vs climatology (ensemble mean presumed, not stated)",T2m weekly mean,30-60N land,3 held-out winters 2023-2026,4,week 4 (not defined),BB-SUBS v5.3,Brightband,,bbsubs,self_reported,0.12,0.096,0.152,0.028,"bar label 0.12; CSS-decoded bar 0.124 interval [0.096, 0.152], interval type not stated",https://www.brightband.com/company/news/introducing-brightband-subs/,
msess_brightband,MSESS,"mean-squared-error skill score vs climatology (ensemble mean presumed, not stated)",T2m weekly mean,30-60N land,3 held-out winters 2023-2026,4,week 4 (not defined),EC46 (debiased),NWP,,ec46,self_reported,0.05,0.031,0.073,0.021,"bar label 0.05; CSS-decoded bar 0.052 interval [0.031, 0.073], interval type not stated; EC46 debiasing method not stated",https://www.brightband.com/company/news/introducing-brightband-subs/,
msess_brightband,MSESS difference,"BB-SUBS minus debiased EC46, stated in text",T2m weekly mean,30-60N land,3 held-out winters 2023-2026,3,week 3 (not defined),BB-SUBS minus EC46 (debiased),,,,self_reported,0.1,,,0.02,"stated ""+0.10 +/- 0.02 improvement""",https://www.brightband.com/company/news/introducing-brightband-subs/,
msess_brightband,MSESS difference,"BB-SUBS minus debiased EC46, stated in text",T2m weekly mean,30-60N land,3 held-out winters 2023-2026,4,week 4 (not defined),BB-SUBS minus EC46 (debiased),,,,self_reported,0.07,,,0.02,"stated ""+0.07 +/- 0.02 improvement""",https://www.brightband.com/company/news/introducing-brightband-subs/,
